user_id,username,email,birth_date,work_type,assets,salary
1,yeeun33,agim@example.com,1986-05-01,공무원,"1,000만원 이상 3,000만원 미만",400만원 이상 500만원 미만
2,hseo,gyeonghyi93@example.org,1977-03-04,직장인,1억 이상,400만원 이상 500만원 미만
3,minjii,yeongjin52@example.net,1975-07-17,예술가/창작자,"3,000만원 이상 5,000만원 미만",500만원 이상
4,sangceol30,zbag@example.net,1959-12-13,군인,"3,000만원 이상 5,000만원 미만",300만원 이상 400만원 미만
5,yejunbag,gimjinu@example.org,1975-04-23,주부,"1,000만원 이상 3,000만원 미만",500만원 이상
6,gweongyeongsu,sanghungim@example.net,1963-07-19,주부,"1,000만원 이상 3,000만원 미만",100만원 이상 200만원 미만
7,jihuan,nhong@example.net,2006-02-23,예술가/창작자,"1,000만원 이상 3,000만원 미만",200만원 이상 300만원 미만
8,gyeonghyii,yeji37@example.com,1964-03-23,공무원,"1,000만원 미만",400만원 이상 500만원 미만
9,idonghyeon,ngim@example.org,1998-09-15,군인,1억 이상,100만원 이상 200만원 미만
10,juweon24,xo@example.net,1973-08-08,예술가/창작자,"1,000만원 미만",500만원 이상
11,jeonghun56,seojun74@example.net,1965-03-03,직장인,"1,000만원 미만",500만원 이상
12,hayun11,jangjiweon@example.com,1998-07-21,은퇴자,"3,000만원 이상 5,000만원 미만",300만원 이상 400만원 미만
13,vhan,sanghyeoncoe@example.net,1961-09-16,공무원,1억 이상,100만원 미만
14,caeweon01,gyeongsuggim@example.com,1957-05-06,군인,1억 이상,400만원 이상 500만원 미만
15,coejimin,ogja66@example.com,1968-04-20,학생,1억 이상,300만원 이상 400만원 미만
16,gimjunseo,gbag@example.net,1957-11-23,학생,"5,000만원 이상 1억 미만",200만원 이상 300만원 미만
17,jeongsu15,seonghojo@example.org,2000-02-02,학생,"1,000만원 이상 3,000만원 미만",100만원 미만
18,jieun23,ni@example.com,1960-01-06,공무원,"1,000만원 이상 3,000만원 미만",400만원 이상 500만원 미만
19,hgim,ubag@example.com,1970-07-31,은퇴자,"3,000만원 이상 5,000만원 미만",100만원 미만
20,hyeonsug37,bageunji@example.com,1996-11-04,학생,1억 이상,300만원 이상 400만원 미만
21,sujini,jiu36@example.net,1971-02-08,공무원,"1,000만원 이상 3,000만원 미만",500만원 이상
22,qjang,jeongjai@example.net,1963-03-09,주부,1억 이상,100만원 미만
23,jiweon64,fgim@example.com,1962-02-10,자영업자,"5,000만원 이상 1억 미만",300만원 이상 400만원 미만
24,iheo,jia00@example.org,1962-02-08,무직,"5,000만원 이상 1억 미만",500만원 이상
25,eungyeong77,jaehyeon63@example.net,1995-08-28,군인,"5,000만원 이상 1억 미만",100만원 이상 200만원 미만
26,ijeongja,ai@example.com,1987-06-03,주부,"3,000만원 이상 5,000만원 미만",500만원 이상
27,hyeonjungim,qbag@example.net,1971-12-30,주부,"1,000만원 이상 3,000만원 미만",100만원 이상 200만원 미만
28,gyeonghyijin,vgim@example.com,1990-07-28,공무원,"1,000만원 이상 3,000만원 미만",400만원 이상 500만원 미만
29,ujeong,jiagim@example.com,1964-11-16,무직,"1,000만원 이상 3,000만원 미만",200만원 이상 300만원 미만
30,seoyeongsu,jaehyeongim@example.net,1977-06-11,자영업자,"5,000만원 이상 1억 미만",100만원 미만
31,yeongceolbag,yeongceolo@example.com,1973-07-06,군인,1억 이상,100만원 미만
32,ban,yeonghyi67@example.net,1993-07-29,무직,"1,000만원 이상 3,000만원 미만",100만원 이상 200만원 미만
33,yeongsun99,gimjeongsu@example.org,2003-01-11,공무원,"1,000만원 이상 3,000만원 미만",300만원 이상 400만원 미만
34,miyeong60,jia81@example.net,1985-08-07,직장인,"1,000만원 이상 3,000만원 미만",100만원 이상 200만원 미만
35,minjun11,yuseongsu@example.com,1999-03-06,취업준비생,"1,000만원 이상 3,000만원 미만",300만원 이상 400만원 미만
36,seungmin75,yeongsiggim@example.com,1976-05-10,학생,1억 이상,200만원 이상 300만원 미만
37,hyeonsugsim,minseobag@example.net,1975-09-25,전문직,"1,000만원 이상 3,000만원 미만",400만원 이상 500만원 미만
38,yunseogim,pi@example.com,2000-10-17,예술가/창작자,1억 이상,300만원 이상 400만원 미만
39,sinminseog,seonghyeon32@example.org,1962-08-06,예술가/창작자,1억 이상,400만원 이상 500만원 미만
40,yunseunghyeon,ihyeonju@example.net,2000-05-24,전문직,"1,000만원 이상 3,000만원 미만",100만원 미만
41,ngim,ijihye@example.com,1974-09-09,프리랜서,"5,000만원 이상 1억 미만",300만원 이상 400만원 미만
42,dsong,pgim@example.com,1988-03-27,예술가/창작자,"1,000만원 미만",400만원 이상 500만원 미만
43,gweonjimin,gwagyeonghyi@example.com,1989-10-28,프리랜서,1억 이상,400만원 이상 500만원 미만
44,eunseobag,igim@example.com,1991-07-23,예술가/창작자,"5,000만원 이상 1억 미만",100만원 이상 200만원 미만
45,simjihyeon,seunghyeon48@example.net,1978-03-11,전문직,1억 이상,200만원 이상 300만원 미만
46,miyeong69,areumgim@example.org,1976-11-19,무직,"1,000만원 이상 3,000만원 미만",300만원 이상 400만원 미만
47,gimminjun,ujin01@example.com,1971-06-18,자영업자,"1,000만원 미만",200만원 이상 300만원 미만
48,gimsangceol,bageunju@example.net,1957-03-25,취업준비생,"5,000만원 이상 1억 미만",100만원 미만
49,mi,caminseog@example.org,2002-07-25,직장인,"1,000만원 미만",500만원 이상
50,hi,qseong@example.org,1989-11-20,취업준비생,1억 이상,100만원 이상 200만원 미만
51,bagjunho,lgwag@example.net,1955-12-07,주부,"5,000만원 이상 1억 미만",100만원 이상 200만원 미만
52,xgim,yeonggilbag@example.org,1977-11-30,프리랜서,"1,000만원 미만",100만원 이상 200만원 미만
53,iseoyeong,jangyeongmi@example.net,2001-10-20,직장인,"3,000만원 이상 5,000만원 미만",100만원 미만
54,jiyeongmun,hyeonuno@example.net,1978-08-04,직장인,"3,000만원 이상 5,000만원 미만",200만원 이상 300만원 미만
55,jeongung48,ijihun@example.net,1958-04-02,공무원,1억 이상,400만원 이상 500만원 미만
56,songjeonghyi,igim@example.org,1997-07-08,자영업자,"5,000만원 이상 1억 미만",400만원 이상 500만원 미만
57,jangeunjeong,jinho69@example.org,1976-06-20,학생,"1,000만원 이상 3,000만원 미만",400만원 이상 500만원 미만
58,jiyeonggim,oi@example.org,1956-10-28,취업준비생,"5,000만원 이상 1억 미만",100만원 미만
59,gimyeongja,yujin78@example.net,1983-01-22,공무원,"1,000만원 미만",200만원 이상 300만원 미만
60,kgim,minjun76@example.org,1998-09-21,무직,"3,000만원 이상 5,000만원 미만",500만원 이상
61,pyu,igyeonghyi@example.org,1981-11-20,무직,"1,000만원 이상 3,000만원 미만",400만원 이상 500만원 미만
62,songminsu,sgim@example.net,1985-01-15,은퇴자,"5,000만원 이상 1억 미만",100만원 미만
63,ijunyeong,zmin@example.com,1990-07-10,프리랜서,"1,000만원 미만",200만원 이상 300만원 미만
64,coejaeho,ogjai@example.net,1965-07-28,직장인,"1,000만원 이상 3,000만원 미만",100만원 미만
65,jiweonryu,gwangsu35@example.com,1977-08-30,전문직,"1,000만원 이상 3,000만원 미만",400만원 이상 500만원 미만
66,seongmin56,uo@example.org,1984-08-01,학생,"5,000만원 이상 1억 미만",300만원 이상 400만원 미만
67,haeun61,sanghuni@example.org,1968-04-16,공무원,"1,000만원 이상 3,000만원 미만",300만원 이상 400만원 미만
68,fgim,idonghyeon@example.com,1974-01-01,프리랜서,"5,000만원 이상 1억 미만",100만원 미만
69,hyeonjeongi,sunog65@example.net,1956-10-03,무직,"1,000만원 이상 3,000만원 미만",100만원 이상 200만원 미만
70,sanghuni,gangseoyeong@example.net,1964-11-25,무직,"1,000만원 미만",200만원 이상 300만원 미만
71,lbag,qjo@example.com,1992-11-27,자영업자,"5,000만원 이상 1억 미만",500만원 이상
72,doyunbag,qgim@example.com,1955-04-13,공무원,"3,000만원 이상 5,000만원 미만",400만원 이상 500만원 미만
73,ijinu,siuhong@example.com,1968-02-09,군인,"1,000만원 이상 3,000만원 미만",100만원 미만
74,kbaeg,minjaebag@example.com,1966-07-05,전문직,"5,000만원 이상 1억 미만",500만원 이상
75,anjunho,hi@example.com,2002-06-29,예술가/창작자,1억 이상,100만원 이상 200만원 미만
76,namhyejin,jihyeon78@example.net,1980-05-26,자영업자,"1,000만원 미만",200만원 이상 300만원 미만
77,sonjiyeong,seungmini@example.com,1965-07-12,군인,1억 이상,100만원 미만
78,gimyeweon,gimseongsu@example.com,1982-05-24,공무원,"3,000만원 이상 5,000만원 미만",200만원 이상 300만원 미만
79,psong,eeom@example.com,1965-10-27,은퇴자,1억 이상,100만원 이상 200만원 미만
80,gimsunog,josiu@example.com,1976-08-09,취업준비생,"1,000만원 이상 3,000만원 미만",500만원 이상
81,caeweon49,gimjihye@example.org,2004-04-14,전문직,"5,000만원 이상 1억 미만",100만원 이상 200만원 미만
82,junyeong04,subinhan@example.org,2004-04-29,은퇴자,"1,000만원 미만",400만원 이상 500만원 미만
83,ysong,yeongsug32@example.com,1986-01-22,군인,1억 이상,400만원 이상 500만원 미만
84,jieuni,iyeongmi@example.com,2006-07-23,예술가/창작자,"3,000만원 이상 5,000만원 미만",500만원 이상
85,songgwangsu,seoyeon32@example.com,1999-08-13,전문직,"1,000만원 이상 3,000만원 미만",300만원 이상 400만원 미만
86,jihye05,dgim@example.net,2001-08-09,무직,"1,000만원 미만",100만원 미만
87,yeongho81,yeonghyigim@example.com,1986-07-08,예술가/창작자,"1,000만원 미만",200만원 이상 300만원 미만
88,jinho80,jihyegim@example.com,1983-08-03,무직,"1,000만원 이상 3,000만원 미만",100만원 미만
89,hyeonsug79,yunyeweon@example.net,1955-03-11,자영업자,"3,000만원 이상 5,000만원 미만",100만원 미만
90,minsucoe,jinu20@example.org,1969-04-02,은퇴자,"1,000만원 이상 3,000만원 미만",100만원 미만
91,jeonghyison,ejang@example.net,2004-11-20,취업준비생,1억 이상,300만원 이상 400만원 미만
92,jeongjabag,pi@example.org,1991-11-06,군인,"5,000만원 이상 1억 미만",300만원 이상 400만원 미만
93,yujinbag,djang@example.org,1955-10-13,주부,"1,000만원 미만",200만원 이상 300만원 미만
94,pgim,baejihyeon@example.net,2005-05-01,프리랜서,"3,000만원 이상 5,000만원 미만",100만원 미만
95,qji,yeonghwan22@example.net,1959-11-29,학생,"1,000만원 미만",300만원 이상 400만원 미만
96,ggo,igim@example.org,1975-11-28,은퇴자,1억 이상,100만원 이상 200만원 미만
97,areum91,tgim@example.org,1959-05-04,전문직,"1,000만원 미만",100만원 이상 200만원 미만
98,xyang,seunghyeon50@example.com,1989-08-09,프리랜서,"5,000만원 이상 1억 미만",100만원 이상 200만원 미만
99,yeongjin29,gojihun@example.com,1999-01-09,무직,"1,000만원 이상 3,000만원 미만",100만원 미만
100,junhyeog12,myeongja35@example.net,1954-08-24,전문직,"1,000만원 이상 3,000만원 미만",100만원 미만
101,junhyeog23,ijaehyeon@example.org,1956-09-24,직장인,"1,000만원 미만",400만원 이상 500만원 미만
102,iyeonggil,bgweon@example.net,1993-11-08,군인,1억 이상,100만원 미만
103,songjeongsun,sgim@example.net,1988-05-31,공무원,1억 이상,100만원 미만
104,jojihun,yejigim@example.org,1974-03-13,직장인,"1,000만원 이상 3,000만원 미만",300만원 이상 400만원 미만
105,jihyeon27,tgim@example.org,2008-05-24,자영업자,"5,000만원 이상 1억 미만",200만원 이상 300만원 미만
106,jongsu05,seoyeong48@example.com,1983-07-11,군인,"5,000만원 이상 1억 미만",400만원 이상 500만원 미만
107,hayungim,subin84@example.com,1975-11-06,전문직,"1,000만원 이상 3,000만원 미만",500만원 이상
108,gyeonghyi90,hyejini@example.org,1997-11-13,취업준비생,"5,000만원 이상 1억 미만",100만원 미만
109,qgo,gimseongsu@example.net,1997-12-05,주부,1억 이상,300만원 이상 400만원 미만
110,yujingim,yeonggilhong@example.org,1993-12-31,주부,"1,000만원 미만",300만원 이상 400만원 미만
111,gangyeongsu,gwangsugim@example.org,1983-05-30,군인,"1,000만원 이상 3,000만원 미만",500만원 이상
112,iyeongsig,imigyeong@example.com,1998-12-19,직장인,"3,000만원 이상 5,000만원 미만",300만원 이상 400만원 미만
113,yeongceoljang,baeseojun@example.net,1977-12-19,예술가/창작자,"5,000만원 이상 1억 미만",500만원 이상
114,hgim,gimsangho@example.net,1999-01-19,예술가/창작자,1억 이상,200만원 이상 300만원 미만
115,iminseog,junhyeog98@example.com,2005-01-15,프리랜서,1억 이상,300만원 이상 400만원 미만
116,jeonghogim,lgu@example.org,1998-12-18,군인,"1,000만원 미만",100만원 미만
117,hyeonji89,ugang@example.org,1975-01-02,학생,"1,000만원 미만",100만원 미만
118,bgim,ryugwangsu@example.com,1979-01-23,학생,"5,000만원 이상 1억 미만",100만원 이상 200만원 미만
119,cunjagim,seongsu19@example.net,1965-12-04,공무원,"1,000만원 미만",400만원 이상 500만원 미만
120,isanghyeon,bagmiyeong@example.org,1976-09-13,전문직,"1,000만원 미만",300만원 이상 400만원 미만
121,jeongsuggweon,yeongsuji@example.org,1985-04-20,은퇴자,1억 이상,200만원 이상 300만원 미만
122,hanjinu,kmun@example.net,1979-10-20,은퇴자,1억 이상,500만원 이상
123,junhoi,seoyeongcoe@example.com,1971-07-11,군인,"1,000만원 이상 3,000만원 미만",400만원 이상 500만원 미만
124,yeongsig33,bgweon@example.com,1965-08-07,군인,"1,000만원 이상 3,000만원 미만",200만원 이상 300만원 미만
125,fcoe,yeongsun57@example.org,1985-04-03,직장인,"1,000만원 이상 3,000만원 미만",500만원 이상
126,igang,ngim@example.net,2006-05-29,취업준비생,"3,000만원 이상 5,000만원 미만",300만원 이상 400만원 미만
127,iminseo,sonjeongja@example.org,1967-08-15,자영업자,"1,000만원 이상 3,000만원 미만",100만원 미만
128,bi,seoyeon63@example.com,1999-02-21,예술가/창작자,"3,000만원 이상 5,000만원 미만",300만원 이상 400만원 미만
129,cseong,gimsunja@example.org,1960-04-18,직장인,"1,000만원 미만",100만원 이상 200만원 미만
130,seonghoi,nbae@example.com,1962-10-20,취업준비생,"1,000만원 미만",400만원 이상 500만원 미만
131,gimsujin,yunseo65@example.org,1954-10-20,공무원,"1,000만원 미만",500만원 이상
132,isanghun,jihyebag@example.org,1969-04-18,군인,"1,000만원 이상 3,000만원 미만",500만원 이상
133,iseonghyeon,ebag@example.net,2002-08-09,군인,"1,000만원 미만",400만원 이상 500만원 미만
134,doyunbag,zjeon@example.org,1974-03-09,직장인,"3,000만원 이상 5,000만원 미만",500만원 이상
135,eunjibag,vbag@example.com,1998-04-18,직장인,"5,000만원 이상 1억 미만",100만원 미만
136,ugang,seunghyeon78@example.org,1995-03-26,무직,"1,000만원 이상 3,000만원 미만",100만원 이상 200만원 미만
137,ijeongung,yunjeongung@example.net,2005-09-26,예술가/창작자,"5,000만원 이상 1억 미만",400만원 이상 500만원 미만
138,pgim,csin@example.com,1978-01-28,전문직,"1,000만원 미만",300만원 이상 400만원 미만
139,hyeonu37,wgim@example.net,1976-10-25,학생,"5,000만원 이상 1억 미만",400만원 이상 500만원 미만
140,miyeong68,kgim@example.com,1967-10-04,주부,"5,000만원 이상 1억 미만",300만원 이상 400만원 미만
141,gimjieun,yeeun13@example.com,1995-06-18,예술가/창작자,"1,000만원 미만",100만원 미만
142,seonyeong02,bgim@example.net,2001-07-29,직장인,"5,000만원 이상 1억 미만",400만원 이상 500만원 미만
143,ihaeun,jiyeongcoe@example.com,1970-08-22,무직,"3,000만원 이상 5,000만원 미만",500만원 이상
144,zbag,seonghyeonseo@example.com,1967-10-16,은퇴자,"1,000만원 이상 3,000만원 미만",200만원 이상 300만원 미만
145,yejingu,fgim@example.net,1975-05-03,은퇴자,"1,000만원 이상 3,000만원 미만",500만원 이상
146,minsu87,dohyeongim@example.net,1977-10-26,직장인,"1,000만원 이상 3,000만원 미만",100만원 이상 200만원 미만
147,eunyeongi,hyeonsugcoe@example.com,1963-12-15,예술가/창작자,"3,000만원 이상 5,000만원 미만",500만원 이상
148,hangyeongsug,jiminbag@example.org,1955-08-30,취업준비생,"1,000만원 미만",500만원 이상
149,rseo,ganghyeonu@example.org,1959-12-24,은퇴자,"1,000만원 이상 3,000만원 미만",300만원 이상 400만원 미만
150,eunju08,yeongjacoe@example.com,1978-11-27,취업준비생,1억 이상,100만원 미만
151,jimin12,ijihyeon@example.net,1959-12-06,예술가/창작자,"5,000만원 이상 1억 미만",200만원 이상 300만원 미만
152,qgim,jeongjacoe@example.com,1990-03-02,전문직,"1,000만원 이상 3,000만원 미만",200만원 이상 300만원 미만
153,jeongsugryu,ygim@example.org,1964-05-09,공무원,"1,000만원 이상 3,000만원 미만",400만원 이상 500만원 미만
154,pnam,gimsubin@example.com,2005-05-19,학생,1억 이상,100만원 이상 200만원 미만
155,heosujin,gimyeji@example.org,1988-07-02,예술가/창작자,"3,000만원 이상 5,000만원 미만",200만원 이상 300만원 미만
156,sugja24,jangujin@example.com,1956-12-04,군인,"3,000만원 이상 5,000만원 미만",300만원 이상 400만원 미만
157,sunja00,jeongnam60@example.org,2005-08-09,자영업자,"5,000만원 이상 1억 미만",400만원 이상 500만원 미만
158,ci,suminbag@example.com,1984-12-19,무직,"3,000만원 이상 5,000만원 미만",500만원 이상
159,seonyeong87,ybag@example.net,1957-05-08,직장인,"1,000만원 미만",200만원 이상 300만원 미만
160,yunsangceol,ohayun@example.com,1964-10-09,학생,"5,000만원 이상 1억 미만",100만원 미만
161,hyeonjun94,seongsumun@example.net,1990-09-26,무직,"1,000만원 이상 3,000만원 미만",200만원 이상 300만원 미만
162,jinmigyeong,jiyeon72@example.org,2005-01-03,주부,"1,000만원 이상 3,000만원 미만",200만원 이상 300만원 미만
163,yeongceolbag,yeongsuni@example.net,1992-04-21,공무원,1억 이상,200만원 이상 300만원 미만
164,coeminjun,heosangceol@example.com,1999-06-23,주부,"3,000만원 이상 5,000만원 미만",200만원 이상 300만원 미만
165,gimjiyeon,gimseonghyeon@example.org,1963-11-15,프리랜서,"5,000만원 이상 1억 미만",500만원 이상
166,jihyesin,seongsucoe@example.org,1984-07-20,전문직,"3,000만원 이상 5,000만원 미만",500만원 이상
167,eunjeonggim,seongminan@example.org,1972-01-14,공무원,"5,000만원 이상 1억 미만",200만원 이상 300만원 미만
168,gimseungmin,qmun@example.net,1979-07-01,주부,"1,000만원 미만",300만원 이상 400만원 미만
169,vgim,qgim@example.net,1997-11-08,군인,"1,000만원 미만",400만원 이상 500만원 미만
170,hanseojun,ibag@example.org,1969-03-17,무직,"5,000만원 이상 1억 미만",100만원 미만
171,jiagim,yeongsunbag@example.com,1970-10-26,공무원,1억 이상,200만원 이상 300만원 미만
172,naseonghun,namsangho@example.net,1988-02-27,직장인,"1,000만원 이상 3,000만원 미만",500만원 이상
173,munmisug,eunseoi@example.com,1992-11-21,전문직,"1,000만원 이상 3,000만원 미만",500만원 이상
174,hanjiyeong,myeongsugyu@example.org,2002-02-24,은퇴자,1억 이상,200만원 이상 300만원 미만
175,ijaehyeon,egim@example.com,1993-02-12,프리랜서,"3,000만원 이상 5,000만원 미만",400만원 이상 500만원 미만
176,bagyejin,zi@example.com,1955-05-01,전문직,"3,000만원 이상 5,000만원 미만",400만원 이상 500만원 미만
177,wbag,jeongunghong@example.net,1959-07-18,학생,"5,000만원 이상 1억 미만",400만원 이상 500만원 미만
178,jojeonghun,dbag@example.com,2007-07-21,은퇴자,"3,000만원 이상 5,000만원 미만",200만원 이상 300만원 미만
179,pi,eunji24@example.net,1969-10-12,자영업자,"3,000만원 이상 5,000만원 미만",300만원 이상 400만원 미만
180,hyeonjeong16,junyeong15@example.org,1975-12-24,군인,"1,000만원 미만",500만원 이상
181,seongho48,gweoneunji@example.com,1994-11-07,무직,"3,000만원 이상 5,000만원 미만",100만원 이상 200만원 미만
182,gimhyeonjun,sunjacoe@example.com,1998-01-26,주부,1억 이상,100만원 이상 200만원 미만
183,jiai,ijeongsug@example.com,1993-01-01,무직,"1,000만원 이상 3,000만원 미만",300만원 이상 400만원 미만
184,jihun12,dohyeongim@example.com,1995-01-19,예술가/창작자,"1,000만원 미만",200만원 이상 300만원 미만
185,jiweon77,reom@example.com,1971-08-30,자영업자,1억 이상,500만원 이상
186,jihun13,yeongiljang@example.net,1983-01-08,직장인,1억 이상,400만원 이상 500만원 미만
187,bi,jimin68@example.org,1988-07-11,은퇴자,"1,000만원 이상 3,000만원 미만",100만원 이상 200만원 미만
188,igim,jangjongsu@example.net,1970-05-07,프리랜서,"5,000만원 이상 1억 미만",100만원 미만
189,bagsujin,iogja@example.com,1992-09-16,학생,"3,000만원 이상 5,000만원 미만",400만원 이상 500만원 미만
190,gyeongja24,sangceol52@example.org,1978-12-26,취업준비생,"5,000만원 이상 1억 미만",400만원 이상 500만원 미만
191,xgim,dohyeoncoe@example.org,2004-08-25,은퇴자,1억 이상,100만원 미만
192,qbag,jaeho47@example.com,1998-11-08,주부,1억 이상,100만원 미만
193,yeongja90,myeongsugha@example.org,1994-10-29,주부,1억 이상,500만원 이상
194,xgim,ujin52@example.net,1955-05-16,예술가/창작자,"5,000만원 이상 1억 미만",500만원 이상
195,juweon99,ni@example.org,1983-10-28,학생,"5,000만원 이상 1억 미만",100만원 미만
196,jongsu62,sonyeonghwan@example.org,2003-09-12,학생,"5,000만원 이상 1억 미만",100만원 이상 200만원 미만
197,jeongja58,mhong@example.org,1967-03-02,취업준비생,"1,000만원 미만",100만원 이상 200만원 미만
198,nim,ijeonghun@example.com,1974-03-19,은퇴자,"1,000만원 이상 3,000만원 미만",500만원 이상
199,sanghoi,seongsu27@example.org,1966-01-06,주부,"1,000만원 미만",400만원 이상 500만원 미만
200,minsugang,yeongsugmun@example.net,1955-01-27,주부,1억 이상,100만원 이상 200만원 미만
201,ujinjo,ogsun43@example.org,2003-09-19,공무원,"1,000만원 미만",100만원 이상 200만원 미만
202,jihuni,heojaehyeon@example.net,1965-03-31,취업준비생,"5,000만원 이상 1억 미만",300만원 이상 400만원 미만
203,jyang,seohyeonna@example.net,2004-01-26,프리랜서,"5,000만원 이상 1억 미만",400만원 이상 500만원 미만
204,jungsu22,seungminbag@example.com,1962-05-15,전문직,"1,000만원 미만",300만원 이상 400만원 미만
205,yeonghyigim,pbag@example.org,1992-10-08,자영업자,"5,000만원 이상 1억 미만",400만원 이상 500만원 미만
206,wbag,jongsunam@example.org,1962-07-25,공무원,"1,000만원 이상 3,000만원 미만",400만원 이상 500만원 미만
207,minjaebag,eunjeonggo@example.org,2003-02-20,예술가/창작자,"1,000만원 이상 3,000만원 미만",300만원 이상 400만원 미만
208,jangsujin,isangho@example.net,1993-12-02,취업준비생,1억 이상,100만원 미만
209,mgim,minseo16@example.net,1983-09-09,예술가/창작자,"5,000만원 이상 1억 미만",300만원 이상 400만원 미만
210,hyejin26,dbaeg@example.net,1991-08-29,직장인,"3,000만원 이상 5,000만원 미만",100만원 이상 200만원 미만
211,iseoyeon,ibae@example.org,1993-12-29,은퇴자,1억 이상,400만원 이상 500만원 미만
212,jinugim,junseoi@example.org,1997-06-13,예술가/창작자,"5,000만원 이상 1억 미만",100만원 미만
213,yeonghyi94,juweon03@example.org,1978-04-30,직장인,1억 이상,500만원 이상
214,minseoha,lryu@example.com,1989-11-19,프리랜서,"1,000만원 미만",100만원 미만
215,ijiyeong,gwagyeongsun@example.net,2002-04-14,취업준비생,1억 이상,300만원 이상 400만원 미만
216,jongsu39,tsong@example.org,2000-02-28,무직,"1,000만원 이상 3,000만원 미만",500만원 이상
217,sonsubin,gimsunog@example.com,1997-04-19,취업준비생,1억 이상,500만원 이상
218,goareum,jimin99@example.com,1998-10-13,예술가/창작자,"1,000만원 이상 3,000만원 미만",100만원 미만
219,ybag,gimseongjin@example.org,1965-06-19,군인,"3,000만원 이상 5,000만원 미만",500만원 이상
220,gbag,yeongmibag@example.net,1988-02-02,학생,"1,000만원 이상 3,000만원 미만",100만원 미만
221,ieungyeong,jangminseo@example.org,2006-02-15,프리랜서,"3,000만원 이상 5,000만원 미만",400만원 이상 500만원 미만
222,xbag,hyeonjeonggim@example.com,1967-01-21,취업준비생,"1,000만원 미만",400만원 이상 500만원 미만
223,wgim,sanghun40@example.org,1995-04-27,예술가/창작자,"1,000만원 이상 3,000만원 미만",200만원 이상 300만원 미만
224,nojimin,juweon24@example.org,1964-04-01,전문직,"3,000만원 이상 5,000만원 미만",300만원 이상 400만원 미만
225,hyeonsug86,ocoe@example.com,1991-12-11,직장인,"3,000만원 이상 5,000만원 미만",100만원 이상 200만원 미만
226,eommyeongja,rbag@example.com,1974-03-14,학생,"3,000만원 이상 5,000만원 미만",100만원 이상 200만원 미만
227,yunyeongsug,ai@example.com,1993-04-29,직장인,"1,000만원 이상 3,000만원 미만",500만원 이상
228,noyunseo,lsin@example.org,1973-10-16,은퇴자,1억 이상,300만원 이상 400만원 미만
229,iseongmin,qsong@example.org,1988-12-06,은퇴자,"3,000만원 이상 5,000만원 미만",200만원 이상 300만원 미만
230,jihyejang,iyeonggil@example.org,2005-02-16,무직,"1,000만원 이상 3,000만원 미만",400만원 이상 500만원 미만
231,minji13,minseog06@example.com,2001-03-30,군인,1억 이상,100만원 미만
232,migyeong35,jiuyun@example.com,1986-08-01,학생,"3,000만원 이상 5,000만원 미만",100만원 이상 200만원 미만
233,gwagjeongsu,haeuncoe@example.org,1980-03-13,은퇴자,"3,000만원 이상 5,000만원 미만",300만원 이상 400만원 미만
234,jeongnamgweon,jeongsu99@example.org,1959-06-14,직장인,1억 이상,300만원 이상 400만원 미만
235,jeonghun96,gimjimin@example.com,1954-08-10,프리랜서,"1,000만원 미만",100만원 미만
236,obyeongceol,hongsumin@example.org,2003-05-07,프리랜서,"3,000만원 이상 5,000만원 미만",100만원 미만
237,sgim,seoyeong53@example.org,1992-02-27,학생,1억 이상,100만원 미만
238,jiweon02,xgim@example.org,1955-05-12,학생,"1,000만원 미만",200만원 이상 300만원 미만
239,eungyeongi,eunji22@example.net,1967-04-12,군인,"1,000만원 미만",100만원 미만
240,pgim,areum52@example.com,1975-04-24,직장인,"5,000만원 이상 1억 미만",100만원 이상 200만원 미만
241,iujin,ni@example.org,1973-01-11,무직,"1,000만원 미만",500만원 이상
242,iyejin,bagjeongsun@example.net,1978-02-28,자영업자,"5,000만원 이상 1억 미만",200만원 이상 300만원 미만
243,seojun25,jiu10@example.com,1958-08-15,무직,"1,000만원 미만",500만원 이상
244,jinugim,seunghyeonyun@example.com,1977-04-20,직장인,"5,000만원 이상 1억 미만",200만원 이상 300만원 미만
245,yeongmiyun,junhyeoggim@example.com,1961-03-12,공무원,"1,000만원 미만",300만원 이상 400만원 미만
246,gimyeji,gangyeonghyi@example.org,2005-07-07,학생,"5,000만원 이상 1억 미만",200만원 이상 300만원 미만
247,sunogi,jhan@example.net,1956-03-18,취업준비생,"5,000만원 이상 1억 미만",400만원 이상 500만원 미만
248,hyeonsug89,hyeonjubag@example.net,1979-01-25,자영업자,"5,000만원 이상 1억 미만",100만원 미만
249,mijeonggweon,seongsujang@example.net,1990-06-14,학생,"3,000만원 이상 5,000만원 미만",400만원 이상 500만원 미만
250,yejincoe,bagjeongho@example.com,1995-10-13,자영업자,"1,000만원 미만",100만원 이상 200만원 미만
251,yjo,byun@example.net,1980-03-02,프리랜서,1억 이상,400만원 이상 500만원 미만
252,hgim,doyunhwang@example.com,1977-03-07,은퇴자,"3,000만원 이상 5,000만원 미만",300만원 이상 400만원 미만
253,hanseongho,gimyeongceol@example.org,1960-07-29,무직,1억 이상,100만원 이상 200만원 미만
254,baejeongung,jangjunhyeog@example.com,1954-06-30,학생,"1,000만원 미만",100만원 미만
255,ogsuni,ei@example.org,1971-01-22,자영업자,"3,000만원 이상 5,000만원 미만",200만원 이상 300만원 미만
256,eungyeongryu,gimsumin@example.org,1978-02-20,무직,1억 이상,400만원 이상 500만원 미만
257,igweon,jeongsig83@example.org,1969-03-08,전문직,"3,000만원 이상 5,000만원 미만",500만원 이상
258,ugim,kgwag@example.org,2006-04-07,직장인,1억 이상,500만원 이상
259,jinugim,jiyeoni@example.org,1971-07-02,예술가/창작자,"5,000만원 이상 1억 미만",200만원 이상 300만원 미만
260,gimseunghyeon,jaehoan@example.net,1979-08-28,은퇴자,"5,000만원 이상 1억 미만",300만원 이상 400만원 미만
261,man,iyeonghyi@example.org,1964-12-17,직장인,"5,000만원 이상 1억 미만",100만원 미만
262,jaehyeongim,seoyeongi@example.net,2001-11-08,은퇴자,"1,000만원 이상 3,000만원 미만",500만원 이상
263,jieunbae,yejingim@example.org,1976-07-04,무직,1억 이상,100만원 미만
264,boramgim,gwangsu24@example.net,1991-10-12,학생,1억 이상,500만원 이상
265,seoogja,seongjinbag@example.net,1974-12-26,직장인,"1,000만원 이상 3,000만원 미만",200만원 이상 300만원 미만
266,donghyeon61,yeonggil50@example.org,1979-01-15,프리랜서,"1,000만원 미만",200만원 이상 300만원 미만
267,seonyeong68,eunju18@example.com,1961-10-15,군인,"5,000만원 이상 1억 미만",200만원 이상 300만원 미만
268,oi,fryu@example.com,1959-04-26,자영업자,"5,000만원 이상 1억 미만",500만원 이상
269,lbag,gimyeongsug@example.org,1997-01-17,주부,"1,000만원 미만",100만원 이상 200만원 미만
270,jongsu10,yujingang@example.net,2002-05-01,주부,"1,000만원 미만",100만원 이상 200만원 미만
271,gyeonghyi12,bagujin@example.org,2001-03-11,공무원,"1,000만원 이상 3,000만원 미만",100만원 미만
272,yeweoni,ieunjeong@example.org,2003-04-22,무직,"1,000만원 이상 3,000만원 미만",200만원 이상 300만원 미만
273,gyeongsugmin,sumingim@example.org,1969-04-26,은퇴자,"5,000만원 이상 1억 미만",200만원 이상 300만원 미만
274,hyeonju46,yeongsugjin@example.com,1983-09-16,주부,"1,000만원 이상 3,000만원 미만",100만원 미만
275,jihyei,ijiyeon@example.org,1955-12-23,전문직,"1,000만원 미만",100만원 이상 200만원 미만
276,gwangsu44,namjiyeong@example.net,1983-11-29,무직,"1,000만원 이상 3,000만원 미만",100만원 이상 200만원 미만
277,fcoe,igim@example.net,1990-07-23,은퇴자,"5,000만원 이상 1억 미만",100만원 미만
278,ehong,juareum@example.net,2003-06-13,무직,"3,000만원 이상 5,000만원 미만",100만원 미만
279,seojungim,zi@example.org,1995-08-21,주부,1억 이상,300만원 이상 400만원 미만
280,jumigyeong,imseongjin@example.com,1978-01-29,주부,"5,000만원 이상 1억 미만",500만원 이상
281,byeongceolgim,seonghungim@example.org,2007-06-24,전문직,"1,000만원 이상 3,000만원 미만",100만원 미만
282,yejibag,cgim@example.com,1975-03-15,프리랜서,"1,000만원 이상 3,000만원 미만",100만원 미만
283,bi,ubag@example.org,1972-05-22,직장인,"5,000만원 이상 1억 미만",100만원 이상 200만원 미만
284,eunjicoe,iseongmin@example.net,2001-03-17,취업준비생,1억 이상,500만원 이상
285,coejinu,yeonghwanan@example.org,1964-05-27,직장인,"5,000만원 이상 1억 미만",500만원 이상
286,caeweonyun,sunjacoe@example.org,2002-01-31,학생,"5,000만원 이상 1억 미만",400만원 이상 500만원 미만
287,dbag,eunseogim@example.org,1976-05-03,무직,1억 이상,200만원 이상 300만원 미만
288,gwangsu26,yi@example.org,1993-02-14,프리랜서,"3,000만원 이상 5,000만원 미만",200만원 이상 300만원 미만
289,hongjihun,aseo@example.org,1995-04-26,학생,"1,000만원 미만",100만원 미만
290,gimyunseo,gimmyeongja@example.org,2007-05-12,공무원,"1,000만원 이상 3,000만원 미만",100만원 미만
291,eunjugim,egim@example.org,1973-10-28,은퇴자,"3,000만원 이상 5,000만원 미만",300만원 이상 400만원 미만
292,byeongceolcoe,aseo@example.net,2007-07-28,직장인,1억 이상,100만원 이상 200만원 미만
293,ji,jiao@example.net,1964-01-31,취업준비생,"5,000만원 이상 1억 미만",300만원 이상 400만원 미만
294,hyeonjeong73,ybag@example.org,1969-11-12,주부,"1,000만원 이상 3,000만원 미만",400만원 이상 500만원 미만
295,ryujeonghyi,jeongho11@example.com,1975-11-08,군인,"1,000만원 이상 3,000만원 미만",500만원 이상
296,migyeong18,ubae@example.com,2004-08-18,학생,"3,000만원 이상 5,000만원 미만",200만원 이상 300만원 미만
297,boram10,seoyungim@example.com,1985-11-30,무직,"1,000만원 미만",300만원 이상 400만원 미만
298,yeonghwan49,ocoe@example.com,1957-12-19,전문직,"1,000만원 이상 3,000만원 미만",100만원 이상 200만원 미만
299,lnam,juweon72@example.net,1962-05-12,무직,1억 이상,100만원 이상 200만원 미만
300,jeongsu55,xyang@example.com,1957-07-22,프리랜서,"3,000만원 이상 5,000만원 미만",300만원 이상 400만원 미만
301,gyeongsubag,ccoe@example.org,1987-10-11,공무원,"1,000만원 이상 3,000만원 미만",400만원 이상 500만원 미만
302,kna,ogsungweon@example.org,1961-12-07,군인,1억 이상,400만원 이상 500만원 미만
303,isanghyeon,hyeonugim@example.org,1991-08-10,취업준비생,"1,000만원 이상 3,000만원 미만",100만원 미만
304,xbae,ngweon@example.com,1996-07-29,무직,"1,000만원 이상 3,000만원 미만",100만원 미만
305,jeongja96,jihunseo@example.org,1985-03-03,무직,1억 이상,200만원 이상 300만원 미만
306,mijeongbag,igim@example.org,1971-07-30,자영업자,1억 이상,400만원 이상 500만원 미만
307,seongjieun,sujin69@example.net,1957-11-05,예술가/창작자,"1,000만원 이상 3,000만원 미만",100만원 이상 200만원 미만
308,ujinbae,wbag@example.com,1975-10-14,주부,"1,000만원 미만",100만원 이상 200만원 미만
309,gimyeonghwan,jeongnam11@example.com,2005-11-12,공무원,"5,000만원 이상 1억 미만",300만원 이상 400만원 미만
310,sson,jeongnamgweon@example.net,1968-01-25,취업준비생,"5,000만원 이상 1억 미만",200만원 이상 300만원 미만
311,ijia,eunji39@example.org,1971-04-23,군인,"1,000만원 미만",100만원 미만
312,jeongsun12,dohyeongim@example.net,1997-04-06,예술가/창작자,"3,000만원 이상 5,000만원 미만",100만원 이상 200만원 미만
313,gweonseoyeong,isubin@example.com,1994-10-04,주부,1억 이상,300만원 이상 400만원 미만
314,jiyeonbag,mgim@example.com,1973-11-12,무직,"1,000만원 미만",300만원 이상 400만원 미만
315,bagseonghyeon,yeweoni@example.com,1969-06-18,자영업자,1억 이상,500만원 이상
316,coeminji,aneunji@example.org,1957-08-31,전문직,"1,000만원 이상 3,000만원 미만",400만원 이상 500만원 미만
317,ugim,ijinho@example.org,1982-07-21,군인,"1,000만원 미만",500만원 이상
318,junhoi,ii@example.com,1975-05-22,학생,"1,000만원 미만",100만원 미만
319,jeongsumin,iseongmin@example.org,1992-09-01,직장인,1억 이상,200만원 이상 300만원 미만
320,yeonghogim,ygang@example.com,1988-02-28,무직,1억 이상,500만원 이상
321,yeweon50,yunseojeong@example.com,1983-11-13,주부,"1,000만원 이상 3,000만원 미만",300만원 이상 400만원 미만
322,simseoyeon,junhyeogseong@example.com,2000-01-12,군인,"1,000만원 이상 3,000만원 미만",100만원 이상 200만원 미만
323,ugim,yeonghwan53@example.org,1968-03-26,공무원,"5,000만원 이상 1억 미만",100만원 이상 200만원 미만
324,gangjunho,gimminji@example.org,1991-10-03,예술가/창작자,"3,000만원 이상 5,000만원 미만",400만원 이상 500만원 미만
325,seonghohwang,gimjaeho@example.net,2000-06-12,주부,1억 이상,400만원 이상 500만원 미만
326,yi,hongyeeun@example.net,2004-09-13,은퇴자,"5,000만원 이상 1억 미만",100만원 이상 200만원 미만
327,seojun09,baejeongung@example.com,1974-12-12,주부,"1,000만원 미만",100만원 미만
328,myeongja63,eunseo90@example.com,1978-02-09,은퇴자,1억 이상,400만원 이상 500만원 미만
329,gosiu,yujinmun@example.org,1956-06-14,예술가/창작자,"1,000만원 이상 3,000만원 미만",100만원 미만
330,jiweon86,yeongsug01@example.com,1991-05-03,무직,"5,000만원 이상 1억 미만",500만원 이상
331,hyeonugim,ryuhaeun@example.net,2001-10-17,취업준비생,"1,000만원 미만",100만원 이상 200만원 미만
332,pi,byeongceolgim@example.com,1985-12-31,예술가/창작자,"1,000만원 이상 3,000만원 미만",400만원 이상 500만원 미만
333,jimingim,ccoe@example.net,1970-11-17,전문직,"1,000만원 미만",200만원 이상 300만원 미만
334,eunjuryu,hanjaeho@example.org,1981-06-06,전문직,"5,000만원 이상 1억 미만",100만원 미만
335,ybag,jeonghun38@example.org,1971-07-27,전문직,"1,000만원 미만",200만원 이상 300만원 미만
336,hayuncoe,yeonggil80@example.org,1984-01-23,무직,"3,000만원 이상 5,000만원 미만",100만원 이상 200만원 미만
337,jeonghun83,junhyeogi@example.org,1976-10-15,무직,"1,000만원 미만",200만원 이상 300만원 미만
338,hongjeongsu,zbag@example.net,1957-03-08,직장인,1억 이상,100만원 이상 200만원 미만
339,jangjeongja,ihayun@example.net,1977-12-19,학생,"1,000만원 미만",500만원 이상
340,subinjang,yeongjano@example.org,1994-02-07,전문직,1억 이상,500만원 이상
341,jaehyeon00,miyeong32@example.net,1988-11-05,주부,"1,000만원 이상 3,000만원 미만",300만원 이상 400만원 미만
342,jeonghun60,jangjeongung@example.net,2006-10-27,주부,"1,000만원 이상 3,000만원 미만",300만원 이상 400만원 미만
343,eomgyeongsug,jiyeong47@example.com,2002-09-18,공무원,"3,000만원 이상 5,000만원 미만",100만원 미만
344,gimjihun,jihyeon34@example.com,1964-02-21,예술가/창작자,"5,000만원 이상 1억 미만",400만원 이상 500만원 미만
345,sujini,ai@example.net,1974-09-20,취업준비생,"3,000만원 이상 5,000만원 미만",100만원 미만
346,minseoggweon,junho36@example.com,1967-06-01,프리랜서,"5,000만원 이상 1억 미만",500만원 이상
347,ngim,jiyeon37@example.net,1955-05-02,자영업자,"1,000만원 미만",200만원 이상 300만원 미만
348,cgwag,sonujin@example.com,1977-09-30,은퇴자,1억 이상,100만원 미만
349,si,vgim@example.net,1978-03-02,프리랜서,"1,000만원 이상 3,000만원 미만",200만원 이상 300만원 미만
350,coehaeun,hyeonjungim@example.com,1973-11-21,군인,1억 이상,100만원 미만
351,jihu41,sbag@example.net,1996-06-22,직장인,"1,000만원 이상 3,000만원 미만",200만원 이상 300만원 미만
352,jihye16,ijeongho@example.com,2002-03-01,예술가/창작자,"1,000만원 미만",400만원 이상 500만원 미만
353,xgwag,ci@example.net,1969-02-14,공무원,"5,000만원 이상 1억 미만",200만원 이상 300만원 미만
354,iyeongil,hyeonjeonggim@example.org,1970-10-11,무직,1억 이상,100만원 미만
355,hgang,ijeongnam@example.net,1986-05-07,예술가/창작자,1억 이상,100만원 미만
356,caeweon01,minseo49@example.org,1974-04-20,전문직,"5,000만원 이상 1억 미만",100만원 미만
357,nson,hwangjunyeong@example.com,1964-07-25,은퇴자,"3,000만원 이상 5,000만원 미만",100만원 이상 200만원 미만
358,rson,khong@example.org,1997-10-18,취업준비생,"5,000만원 이상 1억 미만",300만원 이상 400만원 미만
359,pjang,xi@example.org,1978-10-31,자영업자,"1,000만원 이상 3,000만원 미만",100만원 미만
360,seoyeongsig,boramgim@example.com,1963-03-25,직장인,"5,000만원 이상 1억 미만",100만원 미만
361,ihong,icunja@example.net,2000-05-21,전문직,"3,000만원 이상 5,000만원 미만",100만원 미만
362,yeonggilyun,coedonghyeon@example.org,2002-07-28,전문직,"5,000만원 이상 1억 미만",100만원 이상 200만원 미만
363,yeongmimun,igim@example.org,1977-01-25,예술가/창작자,1억 이상,300만원 이상 400만원 미만
364,ehwang,coeyunseo@example.net,1999-08-09,직장인,1억 이상,400만원 이상 500만원 미만
365,gimjiweon,coeyeeun@example.com,1967-04-16,예술가/창작자,"3,000만원 이상 5,000만원 미만",500만원 이상
366,vi,gimgeonu@example.com,1978-05-23,공무원,1억 이상,500만원 이상
367,lgim,minseo28@example.com,2003-01-02,예술가/창작자,1억 이상,200만원 이상 300만원 미만
368,hanseongmin,myeongsug66@example.com,1957-06-02,무직,"1,000만원 이상 3,000만원 미만",500만원 이상
369,ii,jeonyeongsug@example.net,1984-11-29,군인,"5,000만원 이상 1억 미만",500만원 이상
370,yeweonim,baghaeun@example.com,1991-05-27,무직,"3,000만원 이상 5,000만원 미만",100만원 이상 200만원 미만
371,jeongungcoe,yejingim@example.org,1993-07-02,자영업자,"5,000만원 이상 1억 미만",200만원 이상 300만원 미만
372,seojaehyeon,hyeonjeongbag@example.com,1995-01-28,프리랜서,"1,000만원 이상 3,000만원 미만",100만원 이상 200만원 미만
373,minjaecoe,gimjunhyeog@example.net,1960-06-18,공무원,"3,000만원 이상 5,000만원 미만",100만원 미만
374,dohyeon06,juyeonghwan@example.com,1964-03-07,직장인,1억 이상,100만원 이상 200만원 미만
375,bagyejun,ghwang@example.com,1985-04-04,예술가/창작자,"3,000만원 이상 5,000만원 미만",200만원 이상 300만원 미만
376,bagseonghyeon,ryuyeeun@example.com,1999-07-09,무직,"5,000만원 이상 1억 미만",400만원 이상 500만원 미만
377,rcoe,yeongho54@example.org,1956-07-24,취업준비생,1억 이상,100만원 미만
378,yeongsig57,hbag@example.net,1969-10-06,군인,"1,000만원 미만",400만원 이상 500만원 미만
379,minsu58,tha@example.org,1980-05-06,프리랜서,"1,000만원 이상 3,000만원 미만",100만원 이상 200만원 미만
380,gwangsu98,jeongboram@example.net,1970-09-10,취업준비생,"5,000만원 이상 1억 미만",500만원 이상
381,gimjeongung,igim@example.com,1962-05-28,직장인,"3,000만원 이상 5,000만원 미만",500만원 이상
382,sanghunheo,gangjihyeon@example.com,1977-09-28,은퇴자,"1,000만원 이상 3,000만원 미만",300만원 이상 400만원 미만
383,zbag,juweon27@example.net,1969-07-30,공무원,"5,000만원 이상 1억 미만",200만원 이상 300만원 미만
384,caeweongim,jogeonu@example.com,1996-09-10,프리랜서,"5,000만원 이상 1억 미만",200만원 이상 300만원 미만
385,jinui,seoyeonggim@example.org,1985-04-07,군인,"5,000만원 이상 1억 미만",200만원 이상 300만원 미만
386,hyang,seonghun92@example.com,1991-07-05,직장인,"3,000만원 이상 5,000만원 미만",100만원 미만
387,minjae68,ogja18@example.com,2005-10-28,프리랜서,"3,000만원 이상 5,000만원 미만",200만원 이상 300만원 미만
388,ganggeonu,baggwangsu@example.net,1972-06-09,학생,"1,000만원 미만",100만원 미만
389,misug00,sgim@example.net,2004-10-07,전문직,"5,000만원 이상 1억 미만",500만원 이상
390,eunji42,gimcunja@example.org,1998-03-14,무직,"3,000만원 이상 5,000만원 미만",100만원 이상 200만원 미만
391,aseo,wi@example.org,1968-03-11,주부,"1,000만원 이상 3,000만원 미만",500만원 이상
392,junseo65,haeunsong@example.com,1962-08-31,무직,"3,000만원 이상 5,000만원 미만",100만원 미만
393,coejiweon,tbag@example.com,1978-11-28,주부,"3,000만원 이상 5,000만원 미만",400만원 이상 500만원 미만
394,vryu,subinson@example.com,1992-05-23,전문직,"3,000만원 이상 5,000만원 미만",400만원 이상 500만원 미만
395,sunja81,yunjieun@example.net,1960-02-11,공무원,"5,000만원 이상 1억 미만",500만원 이상
396,ngim,jeonghunbag@example.net,2003-12-07,주부,"1,000만원 이상 3,000만원 미만",300만원 이상 400만원 미만
397,gimyeongsu,qcoe@example.net,1976-12-15,군인,"3,000만원 이상 5,000만원 미만",200만원 이상 300만원 미만
398,ki,wcoe@example.com,2000-12-09,공무원,"3,000만원 이상 5,000만원 미만",400만원 이상 500만원 미만
399,jihye66,ijunseo@example.com,1966-09-21,공무원,1억 이상,200만원 이상 300만원 미만
400,gimseoyeong,boram06@example.com,1974-12-17,군인,1억 이상,200만원 이상 300만원 미만
401,egim,xgim@example.net,1963-09-15,은퇴자,"1,000만원 이상 3,000만원 미만",200만원 이상 300만원 미만
402,sonjeonghyi,eyang@example.net,1964-06-24,은퇴자,"5,000만원 이상 1억 미만",400만원 이상 500만원 미만
403,usin,yjin@example.com,1955-07-08,직장인,"5,000만원 이상 1억 미만",500만원 이상
404,jangujin,qbag@example.org,1988-12-20,자영업자,"1,000만원 미만",300만원 이상 400만원 미만
405,gimyeonggil,pgim@example.net,1978-11-24,프리랜서,"5,000만원 이상 1억 미만",400만원 이상 500만원 미만
406,vgim,yejinan@example.net,1971-03-21,군인,"5,000만원 이상 1억 미만",500만원 이상
407,yeongsungim,mijeong14@example.org,1957-07-05,주부,"5,000만원 이상 1억 미만",100만원 미만
408,imiyeong,minseogi@example.com,1997-10-10,공무원,"1,000만원 이상 3,000만원 미만",400만원 이상 500만원 미만
409,ryujeongnam,seoogja@example.com,1968-03-23,군인,"3,000만원 이상 5,000만원 미만",100만원 이상 200만원 미만
410,heojeongsun,gyeongsui@example.com,1975-11-10,군인,"1,000만원 미만",100만원 미만
411,gweonseonghun,jinho75@example.org,1987-03-17,직장인,1억 이상,500만원 이상
412,iim,hyeonji18@example.net,1965-04-01,공무원,1억 이상,500만원 이상
413,yejigim,jiyeongseo@example.com,1964-05-03,은퇴자,1억 이상,400만원 이상 500만원 미만
414,bgang,dohyeongang@example.net,1971-07-17,자영업자,"1,000만원 미만",100만원 이상 200만원 미만
415,seonyeongo,minjun58@example.net,2005-02-03,자영업자,1억 이상,100만원 미만
416,seohayun,bagjeongsun@example.net,1996-02-05,취업준비생,"1,000만원 이상 3,000만원 미만",400만원 이상 500만원 미만
417,miyeongno,ijiweon@example.com,1961-01-19,무직,1억 이상,300만원 이상 400만원 미만
418,tgang,seonghunha@example.net,1997-08-26,프리랜서,"1,000만원 미만",100만원 이상 200만원 미만
419,gimhyeonjun,mungwangsu@example.org,1996-11-12,은퇴자,"3,000만원 이상 5,000만원 미만",500만원 이상
420,yejin75,nha@example.net,1968-01-12,취업준비생,"3,000만원 이상 5,000만원 미만",400만원 이상 500만원 미만
421,sunog42,tgim@example.org,2001-04-04,프리랜서,"1,000만원 이상 3,000만원 미만",100만원 미만
422,xgwag,minsuseo@example.net,1977-05-21,공무원,"1,000만원 이상 3,000만원 미만",100만원 이상 200만원 미만
423,seonghunsim,jihui@example.com,1965-07-01,은퇴자,1억 이상,100만원 이상 200만원 미만
424,hyeonjun02,ai@example.net,1983-07-29,예술가/창작자,1억 이상,300만원 이상 400만원 미만
425,igim,junhoseo@example.org,2005-01-21,무직,"3,000만원 이상 5,000만원 미만",400만원 이상 500만원 미만
426,yeonghoi,jiyeon95@example.net,1988-07-29,취업준비생,"1,000만원 미만",500만원 이상
427,dhwang,jeongnam83@example.net,1982-07-04,프리랜서,"5,000만원 이상 1억 미만",100만원 미만
428,tyun,yeongmi80@example.net,1964-02-13,취업준비생,"3,000만원 이상 5,000만원 미만",300만원 이상 400만원 미만
429,gimmigyeong,dan@example.com,1956-07-05,무직,"5,000만원 이상 1억 미만",500만원 이상
430,gyeonghyigim,vsong@example.net,1980-05-01,취업준비생,"1,000만원 이상 3,000만원 미만",300만원 이상 400만원 미만
431,subini,mhan@example.com,1955-04-11,직장인,"1,000만원 미만",300만원 이상 400만원 미만
432,hyeonu99,suminu@example.net,1962-04-27,프리랜서,"3,000만원 이상 5,000만원 미만",500만원 이상
433,jongsu44,minsu11@example.net,1961-03-05,학생,"5,000만원 이상 1억 미만",100만원 미만
434,jiugim,geonu20@example.org,1962-08-11,학생,"1,000만원 이상 3,000만원 미만",100만원 미만
435,yjang,yujin27@example.net,2002-02-23,프리랜서,1억 이상,500만원 이상
436,qgweon,yeongjini@example.org,1968-07-11,무직,"5,000만원 이상 1억 미만",300만원 이상 400만원 미만
437,jangbyeongceol,subincoe@example.net,1965-01-21,은퇴자,1억 이상,400만원 이상 500만원 미만
438,mbag,yeweonyu@example.com,1995-11-28,프리랜서,"1,000만원 이상 3,000만원 미만",100만원 미만
439,cgim,bagmisug@example.com,1991-12-27,학생,"1,000만원 미만",300만원 이상 400만원 미만
440,jihunam,zi@example.net,1986-03-18,직장인,"1,000만원 이상 3,000만원 미만",200만원 이상 300만원 미만
441,icoe,ujin75@example.net,1973-12-14,무직,"1,000만원 미만",400만원 이상 500만원 미만
442,jiweon18,sujin78@example.org,1990-09-23,은퇴자,"3,000만원 이상 5,000만원 미만",100만원 미만
443,haeun27,xbag@example.org,1958-06-04,예술가/창작자,"1,000만원 미만",300만원 이상 400만원 미만
444,jieun31,gyeongsugson@example.net,1986-07-11,공무원,"3,000만원 이상 5,000만원 미만",400만원 이상 500만원 미만
445,ogsun94,qcoe@example.net,1985-02-03,예술가/창작자,"1,000만원 이상 3,000만원 미만",400만원 이상 500만원 미만
446,sunja46,gcoe@example.com,2006-02-26,자영업자,"3,000만원 이상 5,000만원 미만",300만원 이상 400만원 미만
447,jimingim,di@example.com,1962-10-10,전문직,"3,000만원 이상 5,000만원 미만",200만원 이상 300만원 미만
448,ugwag,gyeongja44@example.com,1998-07-14,프리랜서,1억 이상,200만원 이상 300만원 미만
449,gimyeonggil,seongminyang@example.com,1958-07-24,전문직,"1,000만원 미만",300만원 이상 400만원 미만
450,hyeonu27,hyeonji21@example.com,1971-01-15,무직,"5,000만원 이상 1억 미만",100만원 이상 200만원 미만
451,sumingim,jangsiu@example.net,1992-02-21,직장인,1억 이상,300만원 이상 400만원 미만
452,jimini,eunjeongan@example.com,1992-08-03,자영업자,"1,000만원 미만",300만원 이상 400만원 미만
453,jiagim,gimgyeongsu@example.net,1968-05-30,주부,"5,000만원 이상 1억 미만",300만원 이상 400만원 미만
454,ugim,hyeonjuhan@example.net,1984-06-19,자영업자,"1,000만원 이상 3,000만원 미만",200만원 이상 300만원 미만
455,oi,minjica@example.org,1967-05-16,프리랜서,"1,000만원 미만",500만원 이상
456,yeongil60,misug10@example.com,1958-10-11,무직,"1,000만원 미만",500만원 이상
457,agim,fcoe@example.org,1982-12-15,취업준비생,"3,000만원 이상 5,000만원 미만",300만원 이상 400만원 미만
458,cgim,simhyeonjeong@example.com,1988-09-08,무직,"1,000만원 이상 3,000만원 미만",400만원 이상 500만원 미만
459,wi,gsim@example.com,1968-08-19,프리랜서,1억 이상,100만원 이상 200만원 미만
460,sca,yeweonbag@example.org,1993-07-11,학생,"1,000만원 미만",500만원 이상
461,ui,hyeonjigweon@example.org,1985-01-02,예술가/창작자,"1,000만원 미만",100만원 미만
462,haeungim,gimhyejin@example.com,1966-09-27,직장인,1억 이상,400만원 이상 500만원 미만
463,gweongwangsu,gimboram@example.org,2006-11-03,공무원,1억 이상,400만원 이상 500만원 미만
464,seongmin88,hyeonju79@example.org,1973-02-06,직장인,"5,000만원 이상 1억 미만",100만원 이상 200만원 미만
465,ogim,jihye07@example.com,1983-01-17,예술가/창작자,"1,000만원 이상 3,000만원 미만",300만원 이상 400만원 미만
466,iyeji,yeongjagim@example.net,1983-07-10,무직,1억 이상,100만원 이상 200만원 미만
467,siu85,bagseohyeon@example.com,1997-03-06,군인,"1,000만원 미만",300만원 이상 400만원 미만
468,sugjagim,coemiyeong@example.com,1962-06-17,예술가/창작자,1억 이상,500만원 이상
469,eungyeonghan,misugi@example.com,1986-12-26,군인,"5,000만원 이상 1억 미만",200만원 이상 300만원 미만
470,cgim,iminseog@example.com,2007-08-29,군인,1억 이상,300만원 이상 400만원 미만
471,gimjihu,gi@example.net,1970-05-19,자영업자,"1,000만원 이상 3,000만원 미만",100만원 미만
472,obag,gimseonghyeon@example.net,1987-03-21,공무원,"1,000만원 미만",100만원 이상 200만원 미만
473,gyeongsug99,jongsu78@example.com,1971-09-01,자영업자,"3,000만원 이상 5,000만원 미만",100만원 이상 200만원 미만
474,migyeong56,haeunmin@example.com,2005-11-15,주부,1억 이상,100만원 이상 200만원 미만
475,igim,lgim@example.com,1979-07-30,은퇴자,"3,000만원 이상 5,000만원 미만",200만원 이상 300만원 미만
476,gimjiweon,boram99@example.net,1959-08-16,자영업자,"1,000만원 이상 3,000만원 미만",300만원 이상 400만원 미만
477,seoyungim,ijia@example.com,1966-12-12,자영업자,"5,000만원 이상 1억 미만",200만원 이상 300만원 미만
478,yeonghwan76,bagbyeongceol@example.net,1973-05-11,은퇴자,1억 이상,300만원 이상 400만원 미만
479,hyeonjubag,yeongsun65@example.org,1989-08-27,공무원,1억 이상,100만원 이상 200만원 미만
480,jeongnamgweon,yejin91@example.org,1972-06-29,전문직,"3,000만원 이상 5,000만원 미만",400만원 이상 500만원 미만
481,jeongsui,qbag@example.net,1980-07-15,공무원,"3,000만원 이상 5,000만원 미만",500만원 이상
482,minseo66,cgang@example.net,1991-02-18,예술가/창작자,"1,000만원 이상 3,000만원 미만",100만원 이상 200만원 미만
483,seungminbag,jeonghyi39@example.org,1969-09-28,전문직,"1,000만원 미만",300만원 이상 400만원 미만
484,yeongsig46,iyeongsu@example.org,1958-05-29,은퇴자,1억 이상,300만원 이상 400만원 미만
485,yeongjinjin,coeseongho@example.org,1991-09-19,공무원,"3,000만원 이상 5,000만원 미만",500만원 이상
486,juweon25,hi@example.net,1995-08-08,프리랜서,1억 이상,300만원 이상 400만원 미만
487,eunyeongi,ai@example.org,1970-01-14,학생,1억 이상,100만원 이상 200만원 미만
488,gimyeeun,myeongja17@example.net,1964-11-28,주부,1억 이상,300만원 이상 400만원 미만
489,imareum,joseojun@example.org,1983-11-17,프리랜서,1억 이상,200만원 이상 300만원 미만
490,gimjeongung,yujin56@example.net,2006-12-16,공무원,"1,000만원 미만",400만원 이상 500만원 미만
491,juweonbae,jihyejo@example.com,2006-09-26,공무원,"1,000만원 이상 3,000만원 미만",200만원 이상 300만원 미만
492,junhyeogheo,yejii@example.net,1962-05-30,군인,"1,000만원 이상 3,000만원 미만",100만원 이상 200만원 미만
493,gimhyeonji,gimyeonggil@example.org,1991-03-20,직장인,"5,000만원 이상 1억 미만",400만원 이상 500만원 미만
494,anjeongsun,baeareum@example.com,2003-02-18,직장인,"5,000만원 이상 1억 미만",100만원 이상 200만원 미만
495,jinho71,doyun24@example.org,1961-08-06,은퇴자,1억 이상,500만원 이상
496,seoyun54,lbaeg@example.net,1983-07-24,직장인,"1,000만원 이상 3,000만원 미만",100만원 미만
497,minjaei,ran@example.net,1967-10-26,직장인,1억 이상,400만원 이상 500만원 미만
498,hi,jeonghun84@example.org,2007-03-29,공무원,"5,000만원 이상 1억 미만",100만원 이상 200만원 미만
499,tjang,mgim@example.org,2003-11-02,학생,"5,000만원 이상 1억 미만",400만원 이상 500만원 미만
500,mijeongju,jeongjagang@example.org,1993-12-24,전문직,"3,000만원 이상 5,000만원 미만",100만원 미만
